id,Predicted
3016,518.111826814387
5492,516.251898923142
2757,342.355255713789
1397,443.56752411926
510,283.187109683937
4985,623.601317607279
2071,449.100084991995
1130,421.125320762372
4438,324.587568985611
2126,470.42290687206
5663,553.332034446325
5579,629.404679249667
1367,518.355508464701
1550,451.378727138786
1444,325.930777974367
1594,449.618434421335
5351,517.46018157875
581,415.584038662153
3968,600.133031147157
5679,521.365783088513
436,505.050122828834
3441,638.466262591301
155,518.887545916536
1822,435.436675768117
1303,325.930777974367
3683,422.880686486619
4141,485.781161555411
4420,692.311259138672
21,145.95793690319
5769,586.150456130696
5717,571.368111071556
2423,469.046786931059
2556,537.036411426714
3789,501.113300834333
1484,370.399121277423
504,542.26672088148
5537,470.980457341531
3140,565.27165144312
2766,566.455279319612
2247,331.286880538848
3104,490.772616246046
5618,587.045134858821
4087,517.146557785971
5851,543.850094275249
5140,500.218641971505
1999,468.412915128866
3938,688.068828445528
4751,497.52132311735
81,357.515105942315
3181,453.714647652138
4108,410.829056530467
4840,211.803699926247
2488,390.814172583346
216,454.402529513696
5076,550.589191630245
3581,614.248955361211
1464,550.115927554664
973,274.439758758418
5108,569.444035981915
4220,522.83913014932
2277,487.350842551822
99,484.524172748977
3788,577.285695048397
3217,485.080043882697
2647,397.522007827276
1319,325.930777974367
3231,324.442500079532
5173,571.011877907183
466,377.689901471135
1451,295.314765125811
83,251.120595780663
5244,533.179814737606
819,516.590686652251
2981,343.414535980722
5486,587.045134858821
3816,615.087087626356
4684,419.140840481007
2737,584.099774195521
3596,638.466262591301
3762,495.750323420338
3801,518.522677726971
3800,518.522677726971
223,503.933489437336
2160,468.412915128866
4491,324.587568985611
5832,590.056057640459
2031,341.964034926003
4277,532.545942935415
4687,497.52132311735
172,481.086153338576
2814,489.199006639778
4579,497.52132311735
5026,550.589191630245
770,488.936640571802
1371,325.930777974367
389,298.596257869009
3175,491.667294974171
5100,395.419908345395
1911,210.090964709737
5320,582.244854620934
2866,518.111826814387
3479,363.353394442121
649,439.251071696911
2845,518.111826814387
5343,411.453165297032
1547,532.623943603888
3773,363.353394442121
3956,469.747904603774
3815,615.087087626356
1621,452.37965817723
4066,324.587568985611
5644,407.547563787269
1485,447.473125629023
4896,340.620825937247
2693,484.446172080503
3785,620.505920583947
1292,325.930777974367
3431,495.750323420338
3311,359.447792932358
5831,521.365783088513
5807,553.332034446325
3476,358.388512665425
5008,372.542270934442
5086,517.324862472193
1456,431.617295613791
2566,437.6813907005
2832,518.111826814387
1684,390.40332167076
1897,374.780915631708
4362,274.223992516286
5179,537.298777494688
2591,483.445241042059
2700,553.069668378351
1156,441.90421070506
1478,295.314765125811
4719,419.140840481007
3669,358.388512665425
3138,300.319470133638
5234,571.011877907183
5723,570.652401512223
1789,386.432378229059
2169,437.158577714008
3667,615.087087626356
1325,325.930777974367
1153,295.314765125811
1245,325.930777974367
3283,402.941828025221
5229,569.444035981915
2062,435.436675768117
1161,574.333234784754
5215,501.814418507047
2098,534.388765416336
75,502.854288964898
3517,609.722743193752
501,262.188970955605
5709,590.056057640459
709,283.187109683937
633,525.036656960049
1762,566.987316771445
5870,411.453165297032
4742,497.52132311735
265,179.25034312264
5004,571.011877907183
2657,474.739359294409
1022,260.309472272984
3327,534.376935038911
2964,518.111826814387
3715,501.113300834333
3998,527.639410387207
3692,308.554312033973
4952,647.15360152963
2602,486.456163823698
2810,343.414535980722
5570,483.792162890465
2171,534.388765416336
1715,210.090964709737
2485,474.739359294409
5098,571.011877907183
804,405.092063810735
4629,497.52132311735
4676,419.140840481007
3322,358.388512665425
5779,467.074855831768
902,342.714401728435
2352,357.997291877641
1914,292.375986176257
3898,495.750323420338
5677,684.589629251353
2327,463.683809517064
663,283.187109683937
4272,654.499519542939
416,459.156928706942
5398,306.290506419559
1082,442.672845391135
1315,325.930777974367
2227,292.375986176257
726,558.299977833116
3384,505.232263591414
1317,325.930777974367
1467,536.00000334061
3400,204.318009349663
1499,371.559364229007
5481,516.251898923142
1030,342.714401728435
4605,419.140840481007
3126,347.320137490485
513,433.585177469698
1385,325.930777974367
2225,341.964034926003
2320,284.286213182
4827,670.532776494574
3771,340.475757031168
4502,534.555934678609
3566,258.190735564648
1126,211.316857025913
49,368.96527399264
1848,315.25362358721
5449,582.244854620934
4127,375.481049883996
1063,194.057707758101
5432,614.580711871847
137,415.406611725749
2767,585.216407587018
2365,473.165749688141
121,548.812689199746
5187,461.655035633823
1208,325.930777974367
4262,517.146557785971
5784,470.980457341531
2427,588.439406680673
2419,326.321998762152
1432,358.747658680072
1788,465.651691372971
153,220.153185375453
996,435.345470187148
4544,497.52132311735
4480,438.913943438257
1881,390.40332167076
144,404.913759124512
2742,485.080043882697
2152,447.650552565427
1399,486.469043416969
2685,397.522007827276
2736,457.85618622932
931,519.966746388972
3575,469.747904603774
2229,381.488750875639
4299,704.102085397166
1809,453.013529979422
88,251.120595780663
837,438.356392968787
2051,468.412915128866
4554,497.52132311735
2801,343.414535980722
4223,220.351266301301
1815,306.506272661692
4088,654.499519542939
5172,454.947200389893
2149,386.432378229059
870,354.365864325785
220,404.913759124512
643,558.299977833116
432,505.050122828834
3361,566.480941016936
1344,325.930777974367
1480,370.399121277423
123,485.105366684935
3295,489.199006639778
1248,325.930777974367
5733,482.631919938881
4170,550.17834071766
5879,549.213071689244
1183,574.333234784754
1839,247.584170556339
5265,547.578268848606
4208,378.271389026278
4749,497.52132311735
4940,550.589191630245
1595,451.378727138786
4058,566.635328175154
5024,632.19954505043
3702,356.10393135336
712,454.210650280727
5045,395.419908345395
1701,566.987316771445
2800,402.941828025221
4586,497.52132311735
2560,453.191834665646
942,401.031787895914
5464,616.595233665287
5423,586.150456130696
1829,596.912460054655
5843,517.847675458685
386,258.406501806782
2663,475.634038022533
2888,347.320137490485
4869,533.179814737606
5411,470.980457341531
1271,325.930777974367
2107,518.381170162025
3319,390.063805780914
5388,521.365783088513
4185,501.291605520557
889,523.944627342056
3766,422.880686486619
4890,340.620825937247
5522,590.056057640459
3191,499.478497993697
1558,431.617295613791
4864,500.218641971505
2984,418.498892132334
5684,521.365783088513
1967,453.013529979422
6,145.95793690319
2310,469.046786931059
3045,406.847429534984
4559,497.52132311735
112,310.647887825161
5641,438.163576635825
2719,347.320137490485
509,525.036656960049
2897,481.166598895271
3355,308.554312033973
3391,354.606043516603
2108,341.964034926003
5624,585.477292933553
4092,517.146557785971
36,145.95793690319
4285,597.338165346393
1459,405.614876797227
57,479.302005042547
2722,585.216407587018
2083,425.789672326045
908,342.714401728435
5458,693.112001764478
285,420.313144273956
5599,623.154362299991
2003,457.937467656696
122,485.105366684935
4741,497.52132311735
2959,518.111826814387
2754,374.030548829278
508,342.714401728435
4030,654.499519542939
806,354.365864325785
4966,395.419908345395
5009,422.130319684188
1163,442.672845391135
5401,623.927269729577
4678,497.52132311735
2770,406.847429534984
18,228.24295836971
2559,616.264297774803
3711,620.505920583947
3365,359.447792932358
2321,243.383370929187
5005,633.316178441928
2140,553.149893683743
3054,418.498892132334
1221,325.930777974367
3996,485.781161555411
4879,566.211597669296
1776,386.432378229059
2322,523.289956513489
5872,410.337902929551
415,298.596257869009
2537,463.683809517064
3709,501.113300834333
5479,388.575527886079
5377,252.417780204575
3986,523.733808877444
727,420.947016076148
2447,437.6813907005
3553,609.103439169486
1616,276.342729224621
1414,451.378727138786
1046,504.96989752344
3674,601.249664538654
3342,484.27594287978
1106,452.37965817723
4129,485.781161555411
989,283.187109683937
815,342.714401728435
4388,378.271389026278
2450,449.131558750825
9,251.120595780663
3303,555.356470416763
915,502.322251513063
2266,469.046786931059
972,298.809515722988
3811,506.805873197682
52,487.900232485698
1682,306.506272661692
4504,652.52311534808
1446,449.618434421335
4190,485.781161555411
4310,566.635328175154
3880,615.087087626356
921,283.187109683937
3133,489.199006639778
392,373.548362893953
5450,581.571691423791
3874,534.145083766023
4799,497.52132311735
1768,437.158577714008
4733,419.140840481007
4598,497.52132311735
5416,571.368111071556
74,502.854288964898
3988,616.2290800302
4360,513.233112798544
213,161.991193854827
3389,505.232263591414
2405,331.286880538848
2491,518.535557320243
2267,397.522007827276
2283,226.124221661374
328,518.887545916536
2236,453.013529979422
741,438.356392968787
4498,517.146557785971
518,502.322251513063
888,236.186442327089
3447,501.113300834333
4395,535.450613406734
3987,620.144169051878
1391,436.980273027786
5218,555.334854119918
4240,379.386651393759
3430,258.190735564648
5725,587.045134858821
4014,324.587568985611
5210,680.39732558135
3014,518.111826814387
1018,354.365864325785
4267,489.922700132593
728,596.111717428849
3655,354.606043516603
598,534.082670603026
5665,521.365783088513
3545,429.58852173055
1743,425.789672326045
5489,407.547563787269
70,502.854288964898
2806,518.343678087276
2739,413.555264778914
5774,549.557102637674
308,373.548362893953
3726,506.805873197682
1113,290.473015710056
3343,506.805873197682
2414,573.136427814961
489,282.776258771352
5330,648.295593933474
4081,522.070495463245
4027,616.166288098794
318,409.032721881594
4015,274.223992516286
5842,470.980457341531
1396,442.672845391135
2316,486.456163823698
4346,304.431486854789
3149,374.030548829278
3928,534.145083766023
863,283.187109683937
2834,518.111826814387
4042,370.63930046824
635,389.581619845589
5331,590.056057640459
3369,434.53214908397
2925,517.438663617244
2053,425.789672326045
2042,447.650552565427
309,326.681144776799
754,488.936640571802
4461,597.338165346393
478,161.991193854827
3544,676.278002187034
5806,549.213071689244
2298,390.814172583346
1946,292.375986176257
3088,242.157478613012
4471,485.781161555411
4591,497.52132311735
3256,599.053830674721
4009,406.097062732552
1213,325.930777974367
1388,452.37965817723
752,438.356392968787
1638,443.56752411926
377,373.548362893953
4370,538.585887608949
1038,342.714401728435
3338,494.629619728328
1160,436.980273027786
5052,422.130319684188
3064,547.171397906302
4612,497.52132311735
2774,485.080043882697
1963,315.25362358721
5186,394.304645977913
4708,497.52132311735
1823,588.390087541531
3527,495.750323420338
1923,453.013529979422
3152,374.030548829278
1609,299.220366635574
5626,585.477292933553
2167,639.969057590617
1091,354.842057170309
2056,552.033260292245
1607,295.314765125811
1096,299.220366635574
4430,607.568060655643
5606,516.251898923142
3100,490.003981559971
608,438.356392968787
1771,465.651691372971
5551,516.251898923142
2533,390.814172583346
2329,463.683809517064
2370,326.321998762152
4479,554.978620955547
1718,386.432378229059
3385,494.629619728328
5418,586.150456130696
1901,421.648133748862
4441,485.781161555411
4000,274.223992516286
5587,590.056057640459
4258,621.236198669872
2782,489.199006639778
4518,517.146557785971
2781,413.555264778914
1042,425.06597883323
1186,442.672845391135
5484,516.251898923142
1071,194.057707758101
3830,358.388512665425
1772,449.100084991995
1774,315.25362358721
375,505.050122828834
846,516.590686652251
828,438.356392968787
5221,500.218641971505
2130,588.390087541531
1108,291.970903546813
491,258.406501806782
875,342.714401728435
1567,436.980273027786
557,438.356392968787
4709,497.52132311735
37,228.24295836971
1001,519.966746388972
5428,306.290506419559
589,354.365864325785
2680,386.908571073583
5396,516.251898923142
284,409.032721881594
4932,547.578268848606
3329,473.889443180956
4137,324.587568985611
4516,517.146557785971
1264,325.930777974367
3471,308.554312033973
2182,315.25362358721
4298,489.299269185239
5258,505.332526136875
2764,499.478497993697
1997,457.132492736503
2363,484.446172080503
2026,292.375986176257
1675,436.980273027786
62,502.854288964898
3925,600.133031147157
3757,582.488536271248
5414,516.251898923142
1212,325.930777974367
1347,325.930777974367
3681,340.475757031168
914,260.309472272984
2366,346.909286577899
2633,331.286880538848
5759,586.150456130696
2251,390.814172583346
1973,437.158577714008
5698,590.056057640459
1431,299.220366635574
2938,518.111826814387
4179,220.351266301301
1540,502.347913210389
4122,485.781161555411
3836,340.475757031168
4356,523.733808877444
5246,652.57243448722
2939,518.111826814387
4791,548.57919988705
4411,324.587568985611
1454,299.220366635574
3219,622.433005639665
1990,292.375986176257
178,377.689901471135
3374,434.53214908397
1746,425.789672326045
5852,411.453165297032
2437,263.617427507976
2418,331.286880538848
5066,394.304645977913
5409,586.150456130696
5884,542.729390583239
360,518.887545916536
69,502.854288964898
1000,558.299977833116
5694,555.800322780718
402,267.153852732301
3300,518.522677726971
5878,521.365783088513
1831,596.912460054655
4625,419.140840481007
5390,543.850094275249
176,542.26672088148
568,178.024450806463
5134,720.135342348802
5577,287.719365225327
4038,616.166288098794
4374,274.223992516286
4597,497.52132311735
2380,569.183150635381
3019,517.438663617244
1122,580.879203103019
1144,405.614876797227
3032,517.438663617244
4378,517.4905887344
1935,471.317585600185
4564,497.52132311735
5776,482.631919938881
5848,411.453165297032
2237,425.789672326045
3372,359.447792932358
4429,661.045487861204
445,505.050122828834
522,596.111717428849
4779,505.332526136875
3863,501.113300834333
4726,497.52132311735
3473,297.581864234951
3316,434.53214908397
5809,549.213071689244
4383,521.265520543052
5213,571.011877907183
1458,299.220366635574
4532,550.410191990549
2282,390.814172583346
5092,571.011877907183
4484,612.790228362073
600,439.251071696911
5208,505.332526136875
1316,325.930777974367
5220,395.419908345395
1561,441.90421070506
3755,550.602071223516
5297,467.074855831768
1509,550.954059819809
2478,327.381279029085
2521,386.908571073583
4113,664.364068629714
5312,686.566033446212
1882,470.42290687206
1228,325.930777974367
3943,648.330811678077
1810,453.013529979422
4064,375.481049883996
5269,372.542270934442
5516,616.595233665287
3275,485.424074831127
3922,505.232263591414
790,488.936640571802
1453,486.469043416969
3543,501.113300834333
2175,561.622972338841
3787,501.113300834333
4226,631.120344577994
4495,692.311259138672
3381,473.889443180956
3171,518.111826814387
5206,517.324862472193
5124,670.532776494574
1348,325.930777974367
4977,505.332526136875
523,596.111717428849
5748,563.611525800244
4006,406.097062732552
2211,268.252956230363
2226,467.411984090422
2629,518.535557320243
3096,485.080043882697
4691,497.52132311735
1239,325.930777974367
458,505.050122828834
3268,453.714647652138
1102,354.842057170309
909,421.291047024578
1601,405.614876797227
479,338.33260737415
1608,532.623943603888
1996,457.132492736503
4918,500.218641971505
2075,374.780915631708
4320,566.635328175154
1356,441.099235784867
3725,506.805873197682
856,283.187109683937
2254,357.997291877641
2753,374.030548829278
3331,473.889443180956
5164,571.011877907183
2342,390.814172583346
2115,453.013529979422
4681,497.52132311735
5175,632.19954505043
4560,497.52132311735
4476,538.585887608949
4758,497.52132311735
4004,485.781161555411
260,192.198688193331
397,267.153852732301
5219,290.257249467921
4703,497.52132311735
2914,485.080043882697
2664,656.002314542255
1413,358.747658680072
5018,571.011877907183
2185,548.657200555524
4895,422.130319684188
3920,501.113300834333
2622,573.136427814961
792,488.936640571802
495,552.131269968256
4615,497.52132311735
1766,588.390087541531
2173,421.648133748862
2546,568.066517243883
3222,593.070182217851
4922,571.011877907183
158,298.596257869009
4332,517.146557785971
4440,324.587568985611
1570,371.559364229007
4273,489.922700132593
334,591.869286735708
1506,442.672845391135
1949,502.502300368605
3511,615.087087626356
5511,343.783712266161
2586,357.997291877641
1060,537.116636732107
3038,300.319470133638
4828,550.589191630245
4851,340.620825937247
1211,325.930777974367
1624,291.970903546813
1801,449.100084991995
3564,363.353394442121
1612,276.342729224621
2625,479.539639532296
4493,654.499519542939
2785,632.297554726441
4112,523.733808877444
573,354.365864325785
2174,548.657200555524
2968,518.111826814387
450,505.050122828834
4930,637.100350593566
904,389.581619845589
3831,359.447792932358
1369,299.220366635574
4056,620.144169051878
1917,421.648133748862
5427,587.045134858821
56,204.119928423816
3528,308.554312033973
2260,483.445241042059
4132,450.565406035608
1697,561.003668314575
723,433.585177469698
1650,532.623943603888
2131,588.390087541531
2679,483.445241042059
4268,654.499519542939
813,342.714401728435
2561,572.044398196967
3805,534.145083766023
1603,299.220366635574
2831,517.438663617244
4059,511.783580371975
5583,590.950736368584
3599,484.27594287978
832,438.356392968787
1240,325.930777974367
5069,632.19954505043
559,439.251071696911
650,439.251071696911
1262,325.930777974367
1080,314.842772674626
5109,290.257249467921
2150,341.964034926003
4204,521.265520543052
2525,390.814172583346
1155,299.220366635574
3779,638.466262591301
2516,256.331715999878
5287,533.179814737606
189,548.812689199746
1931,566.1491845063
1536,451.378727138786
700,426.639588439497
5048,395.419908345395
1405,325.930777974367
1758,543.435032849094
3244,489.199006639778
161,326.681144776799
2401,339.331733978396
2351,390.814172583346
3749,359.447792932358
1253,325.930777974367
1628,276.220269711615
3931,636.489858396442
5368,410.337902929551
2315,346.909286577899
129,161.991193854827
520,389.581619845589
3682,515.511754945333
5323,227.836956877885
2081,210.090964709737
1711,449.100084991995
1440,358.747658680072
1883,387.592621180643
1336,325.930777974367
4351,661.045487861204
4426,549.505177520517
3722,518.522677726971
45,251.120595780663
4324,356.509013982806
2585,569.183150635381
3029,518.111826814387
4318,274.223992516286
3624,469.747904603774
5749,516.251898923142
3926,518.522677726971
5547,388.575527886079
528,389.581619845589
1449,354.842057170309
4345,550.17834071766
3877,506.805873197682
4235,523.733808877444
288,410.606331487862
5708,590.056057640459
2858,518.111826814387
3609,615.087087626356
193,548.812689199746
3435,422.880686486619
2829,517.438663617244
652,236.186442327089
5027,565.538434472153
506,580.078460477213
1654,470.243907232364
4,575.83602978407
3889,582.488536271248
2059,470.42290687206
3781,501.113300834333
2183,449.100084991995
5790,724.377773041945
883,488.936640571802
4669,419.140840481007
4990,632.262336981836
2630,331.286880538848
5628,516.251898923142
4290,597.338165346393
3121,374.030548829278
3416,359.447792932358
4400,332.385984036912
551,358.336807767486
4337,517.146557785971
503,326.681144776799
5584,616.595233665287
4642,497.52132311735
2918,346.665954599038
4690,497.52132311735
3306,600.195823078563
4745,497.52132311735
2170,507.256699561852
3486,434.53214908397
5329,521.365783088513
486,500.557429700615
4850,422.130319684188
1643,358.747658680072
2272,588.439406680673
3600,506.805873197682
1565,441.099235784867
1980,292.375986176257
1688,435.436675768117
5713,590.950736368584
1524,276.342729224621
5162,501.814418507047
5565,521.989214035867
3590,638.466262591301
3081,374.030548829278
1731,386.432378229059
1128,421.125320762372
2527,402.465635180697
330,548.812689199746
4710,497.52132311735
4688,497.52132311735
2717,406.847429534984
538,521.083379780469
2846,518.111826814387
435,505.050122828834
2113,210.090964709737
5553,517.847675458685
3588,501.113300834333
222,420.313144273956
1722,548.657200555524
3233,324.442500079532
5726,482.631919938881
2326,437.6813907005
1750,425.789672326045
1533,299.220366635574
2032,374.780915631708
5317,582.244854620934
2186,421.648133748862
3011,502.489420775335
141,326.681144776799
5581,555.800322780718
3034,468.242685928144
4974,548.57919988705
3225,539.323213465127
2891,534.56881427188
4214,549.505177520517
28,487.900232485698
4241,485.781161555411
5434,549.213071689244
2617,386.908571073583
362,591.869286735708
370,486.288994561427
4195,375.481049883996
855,433.585177469698
757,488.936640571802
317,377.689901471135
711,529.556458435568
3482,422.880686486619
414,220.153185375453
2816,622.433005639665
4178,255.652851322053
4373,379.386651393759
558,438.356392968787
4893,395.419908345395
799,488.936640571802
953,342.714401728435
246,326.681144776799
1138,299.220366635574
515,521.083379780469
5710,590.056057640459
3638,501.113300834333
2942,518.111826814387
447,509.003400008414
614,283.187109683937
5614,570.652401512223
1327,325.930777974367
3470,390.063805780914
2215,486.277164184
3304,688.068828445528
5369,542.729390583239
5264,505.332526136875
4477,438.913943438257
1168,330.662771772283
5589,590.056057640459
3729,204.318009349663
3594,600.133031147157
2397,474.739359294409
4795,497.52132311735
1352,325.930777974367
1450,299.220366635574
203,373.548362893953
5063,570.117199179058
2324,518.535557320243
5865,517.847675458685
4826,538.103752414881
2634,483.445241042059
5373,582.244854620934
2269,473.165749688141
2592,327.381279029085
905,260.309472272984
3194,499.478497993697
4578,419.140840481007
986,283.187109683937
1466,430.496591921781
2118,453.013529979422
1575,580.879203103019
4778,327.750455314523
1452,370.399121277423
4082,616.166288098794
3261,672.035571493892
5383,603.456241271674
1085,550.954059819809
368,486.288994561427
2514,474.739359294409
2844,518.111826814387
2804,418.498892132334
3562,308.554312033973
5138,517.324862472193
2368,474.739359294409
1767,588.390087541531
2133,507.256699561852
2902,566.455279319612
4954,426.862313482103
756,438.356392968787
4008,485.781161555411
234,518.887545916536
4967,290.257249467921
5311,561.851233082794
2262,331.286880538848
2655,486.456163823698
4131,356.509013982806
5488,411.453165297032
4540,497.52132311735
2519,327.381279029085
512,283.187109683937
5742,559.705924290481
3069,502.489420775335
5088,395.419908345395
3659,534.145083766023
3463,506.805873197682
3068,490.003981559971
3672,301.933463876034
2369,523.289956513489
5339,587.045134858821
4355,571.3897273684
1512,550.954059819809
5758,644.856742265347
4446,517.146557785971
798,438.356392968787
4620,497.52132311735
3884,295.68394141125
4427,499.569703574666
3185,479.717066468702
2987,497.718205276247
340,244.276215321348
3169,553.069668378351
5470,521.365783088513
669,260.309472272984
3326,390.063805780914
4437,450.565406035608
892,523.944627342056
2438,572.044398196967
3806,534.145083766023
1438,299.220366635574
4882,565.538434472153
5270,569.444035981915
2094,437.158577714008
425,505.050122828834
3613,358.388512665425
4242,485.781161555411
2903,489.199006639778
1993,374.780915631708
5541,571.368111071556
1502,371.559364229007
5193,551.483870358369
5600,623.927269729577
2850,518.111826814387
3006,485.080043882697
1152,370.399121277423
3733,507.700551925807
1780,374.780915631708
5545,563.611525800244
1886,566.987316771445
3878,179.737186022974
4671,497.52132311735
3976,522.83913014932
3664,506.805873197682
3177,672.035571493892
574,516.590686652251
3246,457.85618622932
5165,501.814418507047
4391,692.311259138672
923,393.723158422771
3572,566.480941016936
2889,374.030548829278
877,519.966746388972
1412,405.614876797227
2565,437.6813907005
5654,724.377773041945
3611,648.330811678077
2520,483.445241042059
1489,451.378727138786
1694,566.987316771445
100,484.524172748977
4761,497.52132311735
4508,450.565406035608
5231,571.011877907183
1149,358.747658680072
2489,479.539639532296
3453,600.133031147157
4835,538.872387100956
5305,407.547563787269
5526,649.349435393565
966,393.723158422771
55,487.900232485698
3698,501.113300834333
4021,566.635328175154
5525,521.365783088513
903,525.036656960049
1418,365.455493924003
4371,617.282921490292
3536,501.113300834333
217,405.257790072942
1267,325.930777974367
2728,479.717066468702
5517,521.365783088513
4233,704.102085397166
3924,563.204654857937
4106,631.120344577994
4800,497.52132311735
1796,421.648133748862
4908,652.57243448722
668,389.581619845589
1852,374.780915631708
3823,507.700551925807
3108,374.030548829278
4644,497.52132311735
1837,596.912460054655
1539,486.469043416969
5598,517.46018157875
1710,459.600781070895
2383,327.381279029085
3647,638.466262591301
1357,371.559364229007
194,548.812689199746
5459,343.783712266161
1841,507.256699561852
2314,588.439406680673
5047,501.426924627112
5145,571.011877907183
935,528.937154411302
1623,436.980273027786
2035,311.348022077447
2487,453.191834665646
623,454.210650280727
3541,516.512685983777
323,404.913759124512
831,438.356392968787
5575,252.417780204575
2129,458.706102342771
1948,386.432378229059
3199,499.478497993697
4483,450.565406035608
4550,497.52132311735
2384,463.683809517064
2725,406.847429534984
3001,500.479429032141
4229,523.733808877444
1312,325.930777974367
2074,374.780915631708
3706,638.466262591301
1029,283.187109683937
943,421.291047024578
1381,276.342729224621
5859,411.453165297032
3153,497.718205276247
3272,347.320137490485
247,267.153852732301
3939,688.068828445528
4211,510.662876679966
5682,590.056057640459
3777,501.113300834333
2548,469.046786931059
440,505.050122828834
2708,593.689486242117
3076,518.111826814387
543,521.083379780469
896,354.365864325785
2505,473.165749688141
3634,620.505920583947
2286,483.445241042059
2125,470.42290687206
2378,483.445241042059
4449,616.166288098794
2721,495.572896483934
1370,405.614876797227
4096,550.17834071766
1957,386.432378229059
3214,485.080043882697
1003,414.463334970143
429,509.003400008414
2029,534.388765416336
3469,308.554312033973
3211,478.596362776692
5251,550.589191630245
4777,467.758905938828
3379,473.889443180956
5371,427.075571336084
151,404.913759124512
2137,292.375986176257
1010,511.368518945821
201,405.257790072942
2542,469.046786931059
2710,453.714647652138
2420,226.124221661374
1482,437.324303976216
1953,315.25362358721
1813,306.506272661692
1380,325.930777974367
823,349.422236972365
4725,419.140840481007
3456,354.606043516603
4539,489.922700132593
184,364.430072129341
3254,517.438663617244
1075,574.333234784754
2842,518.111826814387
1913,421.648133748862
1613,405.614876797227
5657,549.213071689244
3165,490.003981559971
1699,566.987316771445
1241,325.930777974367
932,438.356392968787
4149,406.097062732552
452,505.050122828834
2480,469.390817879489
3158,485.080043882697
5782,563.611525800244
2325,357.997291877641
1107,409.756415374409
5232,391.514306835632
110,484.524172748977
4404,356.509013982806
401,244.276215321348
2033,534.388765416336
4998,571.011877907183
1384,431.617295613791
3724,533.47192056888
3087,479.717066468702
4916,571.011877907183
5032,211.803699926247
4652,497.52132311735
2406,331.286880538848
4841,211.803699926247
4665,497.52132311735
839,438.356392968787
2884,342.355255713789
5722,586.150456130696
4448,616.166288098794
1934,453.013529979422
2656,486.456163823698
3758,582.488536271248
749,488.936640571802
188,485.105366684935
5627,543.850094275249
4692,497.52132311735
218,263.248251222538
561,438.356392968787
1671,436.980273027786
4855,554.619144560585
2072,315.25362358721
1739,210.090964709737
4309,485.781161555411
1229,325.930777974367
482,505.050122828834
4763,419.140840481007
2442,437.6813907005
444,505.050122828834
5460,343.783712266161
5597,482.631919938881
1181,436.980273027786
138,415.406611725749
1273,325.930777974367
3033,518.111826814387
1361,358.747658680072
3386,600.133031147157
2933,518.111826814387
4963,395.419908345395
620,283.187109683937
5430,563.611525800244
2241,486.456163823698
2069,467.411984090422
5797,554.137009366518
1332,325.930777974367
3916,638.466262591301
4005,438.913943438257
981,534.920802868172
3378,501.113300834333
42,389.224533121304
5433,517.847675458685
2252,402.465635180697
2290,483.445241042059
5849,517.847675458685
5372,581.571691423791
2256,437.6813907005
1680,330.876029626261
539,521.083379780469
3646,676.278002187034
1610,325.930777974367
3487,515.511754945333
603,488.936640571802
5773,388.575527886079
5502,582.244854620934
4366,356.509013982806
4036,521.265520543052
4526,523.733808877444
3778,501.113300834333
1519,584.19778387153
4097,549.505177520517
5095,290.257249467921
4589,419.140840481007
2946,517.438663617244
15,282.563000917371
779,488.936640571802
1636,231.550913604703
3189,534.56881427188
4617,419.140840481007
5461,590.056057640459
302,500.557429700615
1582,550.954059819809
5574,231.573677248922
788,438.356392968787
845,520.029538320378
4887,582.66858512679
1314,325.930777974367
209,338.33260737415
3917,505.232263591414
5127,548.57919988705
5671,582.244854620934
2232,468.412915128866
424,500.557429700615
3492,363.353394442121
4834,515.602960526302
760,438.356392968787
4055,501.291605520557
1994,381.488750875639
1922,425.789672326045
5680,521.365783088513
5761,653.133607545203
4282,550.17834071766
4278,616.166288098794
2473,569.183150635381
4396,550.17834071766
3101,518.111826814387
4033,517.146557785971
3298,622.433005639665
5858,543.850094275249
4503,534.555934678609
4336,654.499519542939
2900,589.169684766598
1773,467.411984090422
4813,390.455026568699
2899,550.4476840653
2295,390.814172583346
4861,340.620825937247
5539,587.045134858821
2595,469.046786931059
816,435.345470187148
4485,617.282921490292
358,518.887545916536
4095,550.17834071766
1423,231.550913604703
4093,535.450613406734
2618,483.445241042059
4878,411.042314384446
4497,521.265520543052
4915,574.022800688821
910,278.22222790724
3168,338.572786564967
5085,613.371422298029
794,488.936640571802
5097,555.334854119918
2135,315.25362358721
1714,315.25362358721
2199,457.132492736503
5010,500.218641971505
4624,419.140840481007
550,349.422236972365
2673,550.422022367974
738,438.356392968787
4844,677.07874481284
76,502.854288964898
2205,457.132492736503
3551,615.087087626356
3143,632.297554726441
5342,438.163576635825
2624,331.286880538848
3689,422.880686486619
2076,421.648133748862
5376,364.452497940185
3354,515.511754945333
4071,566.635328175154
1032,421.291047024578
3577,257.266495481615
2620,483.445241042059
154,518.887545916536
1288,325.930777974367
93,526.233463929843
1252,325.930777974367
947,178.024450806463
5798,648.232802002068
282,509.003400008414
5616,571.368111071556
3832,469.747904603774
3310,550.602071223516
1872,425.789672326045
5131,538.872387100956
146,503.933489437336
1846,453.357560927851
3812,179.737186022974
2550,322.539529613329
2381,390.814172583346
4558,497.52132311735
257,388.076401169959
181,342.30355081585
2597,346.909286577899
2274,346.909286577899
2895,453.714647652138
5588,590.056057640459
4630,497.52132311735
5891,549.213071689244
3078,599.053830674721
590,389.581619845589
4635,497.52132311735
5593,590.950736368584
5538,587.045134858821
862,389.581619845589
3693,422.880686486619
4275,517.146557785971
5350,517.46018157875
3530,363.353394442121
3274,374.030548829278
1820,435.436675768117
2124,390.40332167076
3013,553.069668378351
4938,505.955957084229
5334,590.950736368584
3279,534.56881427188
481,161.991193854827
183,410.606331487862
3714,638.466262591301
4243,324.587568985611
2978,491.667294974171
2575,331.286880538848
3477,363.353394442121
4842,236.384523252937
5293,736.168599300439
4636,497.52132311735
2220,210.090964709737
2675,518.535557320243
107,489.016865877196
1819,470.42290687206
1394,504.96989752344
3676,258.190735564648
1827,588.390087541531
3375,390.063805780914
588,342.714401728435
1015,501.138623636571
1836,596.912460054655
225,404.913759124512
1334,325.930777974367
4980,497.52132311735
1969,453.013529979422
2429,397.522007827276
1300,325.930777974367
5030,211.803699926247
1951,453.357560927851
4781,391.514306835632
3182,347.320137490485
4499,521.265520543052
1954,447.650552565427
2001,425.789672326045
3678,390.063805780914
2786,491.667294974171
3972,534.555934678609
3559,390.063805780914
4947,538.872387100956
1641,370.399121277423
2784,467.503189671393
3946,469.747904603774
3737,485.258348568919
4988,505.332526136875
5783,598.701842078427
1004,420.947016076148
2504,473.165749688141
2157,453.013529979422
2574,331.286880538848
5871,582.476705893823
5034,454.947200389893
5839,516.251898923142
171,500.557429700615
289,220.153185375453
3625,363.353394442121
585,521.083379780469
3508,506.805873197682
5250,550.589191630245
3428,363.353394442121
4492,356.509013982806
4527,374.421769617063
5419,470.980457341531
1496,419.403418816481
4225,597.338165346393
2043,557.103170863323
5637,586.150456130696
4387,521.265520543052
5000,555.334854119918
496,509.003400008414
3526,308.554312033973
409,524.306378874126
1014,501.138623636571
4698,497.52132311735
3980,195.770442974611
791,438.356392968787
3852,601.249664538654
1712,502.502300368605
4302,450.565406035608
4823,537.298777494688
808,342.714401728435
3653,501.113300834333
737,519.966746388972
927,558.299977833116
703,427.534267167622
118,342.30355081585
4327,274.223992516286
5090,466.598662987244
4384,378.271389026278
5021,533.179814737606
5128,601.169439233261
1656,194.057707758101
2733,485.080043882697
1266,325.930777974367
2208,470.42290687206
254,486.288994561427
1672,436.980273027786
2716,406.847429534984
5184,505.955957084229
4265,517.146557785971
1132,358.747658680072
717,342.714401728435
639,540.339635825762
4997,390.455026568699
1563,365.455493924003
1073,365.455493924003
4317,406.097062732552
2535,357.997291877641
3500,638.466262591301
5451,582.244854620934
3380,494.629619728328
5645,587.045134858821
3353,600.195823078563
2123,628.178231332123
3868,600.133031147157
5765,582.476705893823
1877,457.937467656696
3259,378.762542627194
5055,571.011877907183
2539,397.522007827276
1830,588.390087541531
1652,276.342729224621
3083,406.847429534984
3675,601.249664538654
5816,427.075571336084
2956,518.111826814387
1329,370.399121277423
4935,537.298777494688
4377,485.781161555411
1562,513.152667241849
3053,585.216407587018
2825,457.85618622932
5885,521.365783088513
2536,390.814172583346
1797,315.25362358721
1915,486.277164184
2684,308.409243127895
5243,533.179814737606
801,236.186442327089
3538,638.466262591301
2660,263.617427507976
383,542.26672088148
3990,374.421769617063
2731,485.080043882697
1062,194.057707758101
5800,521.365783088513
58,479.302005042547
3434,566.480941016936
3203,406.847429534984
2455,226.124221661374
2749,491.667294974171
3412,422.880686486619
4852,454.947200389893
374,326.681144776799
708,525.036656960049
1131,421.125320762372
3870,378.975800481173
1924,453.013529979422
2950,518.111826814387
1849,463.506382580659
3776,600.133031147157
136,326.681144776799
586,454.210650280727
1686,458.706102342771
126,212.059880601
4978,411.042314384446
1236,541.069913911687
702,236.186442327089
662,178.024450806463
5031,240.688903359527
1056,299.220366635574
3694,251.585310425116
423,500.557429700615
5285,670.532776494574
1256,325.930777974367
3964,515.511754945333
5228,454.947200389893
864,354.365864325785
5737,517.847675458685
3245,622.433005639665
812,283.187109683937
5397,482.631919938881
2248,357.997291877641
2354,327.381279029085
3079,632.297554726441
5049,582.66858512679
3085,499.478497993697
1649,431.617295613791
2678,550.422022367974
5441,668.605691438858
5443,477.688292585461
5410,517.46018157875
3498,638.466262591301
2791,453.714647652138
1658,299.220366635574
5536,356.654082888885
5833,563.611525800244
3579,434.53214908397
3257,628.978973957931
95,388.880502172875
616,421.291047024578
2011,330.876029626261
5225,422.130319684188
1305,325.930777974367
3552,645.012230909566
5711,590.056057640459
4914,565.538434472153
2275,346.909286577899
24,361.656644519498
1249,325.930777974367
2377,483.445241042059
5007,643.768273932852
2941,518.111826814387
277,373.548362893953
897,354.365864325785
3748,422.880686486619
1024,421.291047024578
5393,388.575527886079
5670,582.244854620934
1185,504.96989752344
613,405.092063810735
4982,565.538434472153
5823,657.203210024398
4090,636.539177535584
2706,491.667294974171
701,355.526107277369
1894,447.650552565427
3760,582.488536271248
2672,357.997291877641
1851,311.348022077447
2402,656.002314542255
3351,600.195823078563
1803,467.411984090422
5352,543.850094275249
2822,500.479429032141
3098,622.433005639665
4330,445.621778682187
1036,389.581619845589
1814,306.506272661692
1198,325.930777974367
3206,347.320137490485
32,204.119928423816
1376,437.324303976216
3218,622.433005639665
5795,410.337902929551
3942,555.356470416763
2399,403.625878132281
4433,571.3897273684
2577,331.286880538848
2821,622.433005639665
1402,532.623943603888
262,518.887545916536
2783,362.942543529537
4496,593.318952000034
3377,505.232263591414
721,279.281508174173
4280,585.136182281625
5704,590.950736368584
1373,325.930777974367
4453,593.318952000034
1840,552.096052223651
1729,421.648133748862
2701,490.772616246046
3334,337.125117749269
857,338.808800218672
919,283.187109683937
2518,612.945717006293
3162,490.003981559971
2598,346.909286577899
1879,381.488750875639
54,388.880502172875
596,420.947016076148
3074,518.111826814387
2206,330.876029626261
5273,527.816837323611
997,420.947016076148
427,454.402529513696
1692,596.912460054655
2303,465.133341943633
5387,590.056057640459
3718,638.466262591301
2481,226.124221661374
546,425.06597883323
5743,407.547563787269
4900,454.947200389893
4246,511.783580371975
2823,485.080043882697
1270,325.930777974367
659,178.024450806463
4431,661.045487861204
993,260.309472272984
2360,330.171618171366
5296,555.800322780718
1800,311.348022077447
2104,447.650552565427
4423,692.311259138672
3452,429.58852173055
4964,466.598662987244
325,404.913759124512
778,438.356392968787
34,575.83602978407
1593,370.399121277423
5133,348.419240988547
148,404.913759124512
128,161.991193854827
1751,468.412915128866
3752,363.353394442121
3512,645.012230909566
3075,518.111826814387
1576,527.401775897458
4251,485.781161555411
3965,308.554312033973
5062,390.455026568699
5777,563.611525800244
3650,505.232263591414
5762,438.163576635825
5591,590.056057640459
4028,378.271389026278
933,438.356392968787
1078,436.980273027786
3063,485.080043882697
2435,362.729285675556
5766,563.611525800244
1884,412.529842984251
3144,491.66729497417
4730,497.521323117349
4505,531.545011896968
